Scenario,TotalCost_AUD
Cluster_K2,94863657.38493423
Cluster_K3,62076613.16201851
Cluster_K4,49338822.48787807
Cluster_K5,47931970.43310095
