Scenario,TotalCost_AUD
Cluster_K2,641549.6387105366
Cluster_K3,785734.6297538563
Cluster_K4,907288.2000000002
Cluster_K5,1014379.0451917122
